experiment_id,timestamp,performance,gpu,system,monitoring_duration
fullkvcache_hotpotqa_kv128_bs1_rep0_20250617_163301,2025-06-17T16:34:33.741050,"{'success': True, 'ttft_ms': 1998.0230331420898, 'tpot_ms': 1433.9789468414929, 'throughput_tokens_per_sec': 0.6919171073834992, 'total_time_sec': 72.26299142837524, 'tokens_generated': 50, 'model_name': 'C:/Users/JerryGanst/mistral_models/7B-Instruct-v0.3', 'precision': 'fp16', 'batch_size': 1, 'kv_cache_length': 128, 'max_new_tokens': 50, 'use_fullkvcache': True, 'dataset': 'hotpotqa', 'repetition': 0}","{'total_devices': 1, 'device_0': {'peak_memory_mb': 10366.75341796875, 'average_memory_mb': 9968.135611928383, 'sample_count': 641}, 'total_peak_memory_mb': 10366.75341796875}","{'peak_cpu_percent': 18.5, 'average_cpu_percent': 8.493055555555555, 'peak_memory_percent': 45.6, 'peak_memory_used_gb': 29.1285400390625, 'sample_count': 72}",72.38967204093933
fullkvcache_hotpotqa_kv128_bs4_rep0_20250617_163434,2025-06-17T16:36:06.959846,"{'success': True, 'ttft_ms': 1847.2602367401123, 'tpot_ms': 1442.8031055294737, 'throughput_tokens_per_sec': 0.6892310585245297, 'total_time_sec': 72.54461240768433, 'tokens_generated': 50, 'model_name': 'C:/Users/JerryGanst/mistral_models/7B-Instruct-v0.3', 'precision': 'fp16', 'batch_size': 4, 'kv_cache_length': 128, 'max_new_tokens': 50, 'use_fullkvcache': True, 'dataset': 'hotpotqa', 'repetition': 0}","{'total_devices': 1, 'device_0': {'peak_memory_mb': 10435.15380859375, 'average_memory_mb': 10044.563363414902, 'sample_count': 643}, 'total_peak_memory_mb': 10435.15380859375}","{'peak_cpu_percent': 19.6, 'average_cpu_percent': 9.127777777777778, 'peak_memory_percent': 46.7, 'peak_memory_used_gb': 29.825199127197266, 'sample_count': 72}",72.5959165096283
fullkvcache_hotpotqa_kv128_bs8_rep0_20250617_163607,2025-06-17T16:36:13.555512,"{'success': False, 'error_message': '(MaxRetryError(""HTTPSConnectionPool(host=\'huggingface.co\', port=443): Max retries exceeded with url: /api/datasets/THUDM/LongBench/revision/a8b3fea296d0126b1887abb5ad2004d9184344fc (Caused by SSLError(SSLEOFError(8, \'[SSL: UNEXPECTED_EOF_WHILE_READING] EOF occurred in violation of protocol (_ssl.c:1000)\')))""), \'(Request ID: c6224b55-e86e-4bbc-9d4a-447bd96547d0)\')'}","{'total_devices': 1, 'device_0': {'peak_memory_mb': 0, 'average_memory_mb': 0, 'sample_count': 0}, 'total_peak_memory_mb': 0}",{'message': 'No system data collected'},0.0
fullkvcache_hotpotqa_kv256_bs1_rep0_20250617_163614,2025-06-17T16:37:42.899111,"{'success': True, 'ttft_ms': 2582.611083984375, 'tpot_ms': 1404.0080771154287, 'throughput_tokens_per_sec': 0.70047629470101, 'total_time_sec': 71.38000297546387, 'tokens_generated': 50, 'model_name': 'C:/Users/JerryGanst/mistral_models/7B-Instruct-v0.3', 'precision': 'fp16', 'batch_size': 1, 'kv_cache_length': 256, 'max_new_tokens': 50, 'use_fullkvcache': True, 'dataset': 'hotpotqa', 'repetition': 0}","{'total_devices': 1, 'device_0': {'peak_memory_mb': 10382.75830078125, 'average_memory_mb': 9982.219897306419, 'sample_count': 632}, 'total_peak_memory_mb': 10382.75830078125}","{'peak_cpu_percent': 23.0, 'average_cpu_percent': 9.161971830985914, 'peak_memory_percent': 46.6, 'peak_memory_used_gb': 29.759506225585938, 'sample_count': 71}",71.40604162216187
fullkvcache_hotpotqa_kv256_bs4_rep0_20250617_163743,2025-06-17T16:39:14.494450,"{'success': True, 'ttft_ms': 2905.651807785034, 'tpot_ms': 1407.220324691461, 'throughput_tokens_per_sec': 0.6957930840512732, 'total_time_sec': 71.86044406890869, 'tokens_generated': 50, 'model_name': 'C:/Users/JerryGanst/mistral_models/7B-Instruct-v0.3', 'precision': 'fp16', 'batch_size': 4, 'kv_cache_length': 256, 'max_new_tokens': 50, 'use_fullkvcache': True, 'dataset': 'hotpotqa', 'repetition': 0}","{'total_devices': 1, 'device_0': {'peak_memory_mb': 10499.43896484375, 'average_memory_mb': 10090.271145567602, 'sample_count': 637}, 'total_peak_memory_mb': 10499.43896484375}","{'peak_cpu_percent': 22.8, 'average_cpu_percent': 9.647887323943662, 'peak_memory_percent': 47.0, 'peak_memory_used_gb': 29.974838256835938, 'sample_count': 71}",71.89931511878967
fullkvcache_hotpotqa_kv256_bs8_rep0_20250617_163915,2025-06-17T16:40:58.121230,"{'success': True, 'ttft_ms': 3485.1160049438477, 'tpot_ms': 1567.4238788838288, 'throughput_tokens_per_sec': 0.6227434664877255, 'total_time_sec': 80.28988289833069, 'tokens_generated': 50, 'model_name': 'C:/Users/JerryGanst/mistral_models/7B-Instruct-v0.3', 'precision': 'fp16', 'batch_size': 8, 'kv_cache_length': 256, 'max_new_tokens': 50, 'use_fullkvcache': True, 'dataset': 'hotpotqa', 'repetition': 0}","{'total_devices': 1, 'device_0': {'peak_memory_mb': 10658.13720703125, 'average_memory_mb': 10237.03194470352, 'sample_count': 712}, 'total_peak_memory_mb': 10658.13720703125}","{'peak_cpu_percent': 28.5, 'average_cpu_percent': 9.575949367088608, 'peak_memory_percent': 45.6, 'peak_memory_used_gb': 29.074867248535156, 'sample_count': 79}",80.29885363578796
fullkvcache_hotpotqa_kv512_bs1_rep0_20250617_164058,2025-06-17T16:42:32.968624,"{'success': True, 'ttft_ms': 1527.237892150879, 'tpot_ms': 1412.633214678083, 'throughput_tokens_per_sec': 0.7067411315404218, 'total_time_sec': 70.7472620010376, 'tokens_generated': 50, 'model_name': 'C:/Users/JerryGanst/mistral_models/7B-Instruct-v0.3', 'precision': 'fp16', 'batch_size': 1, 'kv_cache_length': 512, 'max_new_tokens': 50, 'use_fullkvcache': True, 'dataset': 'hotpotqa', 'repetition': 0}","{'total_devices': 1, 'device_0': {'peak_memory_mb': 10432.52001953125, 'average_memory_mb': 10030.4957807492, 'sample_count': 624}, 'total_peak_memory_mb': 10432.52001953125}","{'peak_cpu_percent': 100.0, 'average_cpu_percent': 13.677142857142854, 'peak_memory_percent': 44.5, 'peak_memory_used_gb': 28.37818145751953, 'sample_count': 70}",70.78915238380432
fullkvcache_hotpotqa_kv512_bs4_rep0_20250617_164233,2025-06-17T16:44:09.009612,"{'success': True, 'ttft_ms': 2342.0464992523193, 'tpot_ms': 1433.4116176683076, 'throughput_tokens_per_sec': 0.688902456068036, 'total_time_sec': 72.57921576499939, 'tokens_generated': 50, 'model_name': 'C:/Users/JerryGanst/mistral_models/7B-Instruct-v0.3', 'precision': 'fp16', 'batch_size': 4, 'kv_cache_length': 512, 'max_new_tokens': 50, 'use_fullkvcache': True, 'dataset': 'hotpotqa', 'repetition': 0}","{'total_devices': 1, 'device_0': {'peak_memory_mb': 10633.11865234375, 'average_memory_mb': 10222.369821029355, 'sample_count': 643}, 'total_peak_memory_mb': 10633.11865234375}","{'peak_cpu_percent': 26.7, 'average_cpu_percent': 9.281944444444443, 'peak_memory_percent': 45.8, 'peak_memory_used_gb': 29.222118377685547, 'sample_count': 72}",72.59316897392273
fullkvcache_hotpotqa_kv512_bs8_rep0_20250617_164409,2025-06-17T16:45:56.962098,"{'success': True, 'ttft_ms': 3085.5164527893066, 'tpot_ms': 1524.1404942103795, 'throughput_tokens_per_sec': 0.6429264159056254, 'total_time_sec': 77.76939749717712, 'tokens_generated': 50, 'model_name': 'C:/Users/JerryGanst/mistral_models/7B-Instruct-v0.3', 'precision': 'fp16', 'batch_size': 8, 'kv_cache_length': 512, 'max_new_tokens': 50, 'use_fullkvcache': True, 'dataset': 'hotpotqa', 'repetition': 0}","{'total_devices': 1, 'device_0': {'peak_memory_mb': 10909.52783203125, 'average_memory_mb': 10490.994038574927, 'sample_count': 689}, 'total_peak_memory_mb': 10909.52783203125}","{'peak_cpu_percent': 27.0, 'average_cpu_percent': 10.6012987012987, 'peak_memory_percent': 46.7, 'peak_memory_used_gb': 29.80438232421875, 'sample_count': 77}",77.79513835906982
fullkvcache_hotpotqa_kv1024_bs1_rep0_20250617_164557,2025-06-17T16:47:27.651795,"{'success': True, 'ttft_ms': 3114.4840717315674, 'tpot_ms': 1351.1794635227748, 'throughput_tokens_per_sec': 0.7212584871603644, 'total_time_sec': 69.32327437400818, 'tokens_generated': 50, 'model_name': 'C:/Users/JerryGanst/mistral_models/7B-Instruct-v0.3', 'precision': 'fp16', 'batch_size': 1, 'kv_cache_length': 1024, 'max_new_tokens': 50, 'use_fullkvcache': True, 'dataset': 'hotpotqa', 'repetition': 0}","{'total_devices': 1, 'device_0': {'peak_memory_mb': 10480.5341796875, 'average_memory_mb': 10075.381519429458, 'sample_count': 614}, 'total_peak_memory_mb': 10480.5341796875}","{'peak_cpu_percent': 42.6, 'average_cpu_percent': 8.665217391304349, 'peak_memory_percent': 45.9, 'peak_memory_used_gb': 29.298248291015625, 'sample_count': 69}",69.37076115608215
fullkvcache_hotpotqa_kv1024_bs4_rep0_20250617_164728,2025-06-17T16:49:02.739519,"{'success': True, 'ttft_ms': 2616.02520942688, 'tpot_ms': 1320.1112601221826, 'throughput_tokens_per_sec': 0.7429147454218531, 'total_time_sec': 67.30247354507446, 'tokens_generated': 50, 'model_name': 'C:/Users/JerryGanst/mistral_models/7B-Instruct-v0.3', 'precision': 'fp16', 'batch_size': 4, 'kv_cache_length': 1024, 'max_new_tokens': 50, 'use_fullkvcache': True, 'dataset': 'hotpotqa', 'repetition': 0}","{'total_devices': 1, 'device_0': {'peak_memory_mb': 10888.6513671875, 'average_memory_mb': 10472.732362888004, 'sample_count': 596}, 'total_peak_memory_mb': 10888.6513671875}","{'peak_cpu_percent': 13.1, 'average_cpu_percent': 5.798507462686567, 'peak_memory_percent': 45.6, 'peak_memory_used_gb': 29.121849060058594, 'sample_count': 67}",67.32310581207275
fullkvcache_hotpotqa_kv1024_bs8_rep0_20250617_164903,2025-06-17T16:51:10.679388,"{'success': True, 'ttft_ms': 8877.044439315796, 'tpot_ms': 1738.8263478571055, 'throughput_tokens_per_sec': 0.5314595766451004, 'total_time_sec': 94.08053255081177, 'tokens_generated': 50, 'model_name': 'C:/Users/JerryGanst/mistral_models/7B-Instruct-v0.3', 'precision': 'fp16', 'batch_size': 8, 'kv_cache_length': 1024, 'max_new_tokens': 50, 'use_fullkvcache': True, 'dataset': 'hotpotqa', 'repetition': 0}","{'total_devices': 1, 'device_0': {'peak_memory_mb': 11804.8076171875, 'average_memory_mb': 11017.384448300734, 'sample_count': 834}, 'total_peak_memory_mb': 11804.8076171875}","{'peak_cpu_percent': 15.9, 'average_cpu_percent': 6.07956989247312, 'peak_memory_percent': 44.6, 'peak_memory_used_gb': 28.49248504638672, 'sample_count': 93}",94.0924928188324
fullkvcache_hotpotqa_kv2048_bs1_rep0_20250617_165111,2025-06-17T16:52:40.700933,"{'success': True, 'ttft_ms': 2520.5588340759277, 'tpot_ms': 1320.132080389529, 'throughput_tokens_per_sec': 0.7439587469618876, 'total_time_sec': 67.20802760124207, 'tokens_generated': 50, 'model_name': 'C:/Users/JerryGanst/mistral_models/7B-Instruct-v0.3', 'precision': 'fp16', 'batch_size': 1, 'kv_cache_length': 2048, 'max_new_tokens': 50, 'use_fullkvcache': True, 'dataset': 'hotpotqa', 'repetition': 0}","{'total_devices': 1, 'device_0': {'peak_memory_mb': 10616.5810546875, 'average_memory_mb': 10205.712086927171, 'sample_count': 596}, 'total_peak_memory_mb': 10616.5810546875}","{'peak_cpu_percent': 11.0, 'average_cpu_percent': 5.8149253731343284, 'peak_memory_percent': 44.0, 'peak_memory_used_gb': 28.111839294433594, 'sample_count': 67}",67.28283476829529
fullkvcache_hotpotqa_kv2048_bs4_rep0_20250617_165241,2025-06-17T16:54:32.671496,"{'success': True, 'ttft_ms': 7970.731019973755, 'tpot_ms': 1487.1267250605993, 'throughput_tokens_per_sec': 0.61849852030899, 'total_time_sec': 80.84093713760376, 'tokens_generated': 50, 'model_name': 'C:/Users/JerryGanst/mistral_models/7B-Instruct-v0.3', 'precision': 'fp16', 'batch_size': 4, 'kv_cache_length': 2048, 'max_new_tokens': 50, 'use_fullkvcache': True, 'dataset': 'hotpotqa', 'repetition': 0}","{'total_devices': 1, 'device_0': {'peak_memory_mb': 11820.8154296875, 'average_memory_mb': 10995.382954830238, 'sample_count': 717}, 'total_peak_memory_mb': 11820.8154296875}","{'peak_cpu_percent': 12.3, 'average_cpu_percent': 5.686249999999999, 'peak_memory_percent': 45.2, 'peak_memory_used_gb': 28.836597442626953, 'sample_count': 80}",80.89559888839722
fullkvcache_hotpotqa_kv2048_bs8_rep0_20250617_165433,2025-06-17T16:57:42.631925,"{'success': True, 'ttft_ms': 38320.15585899353, 'tpot_ms': 2048.9045843786125, 'throughput_tokens_per_sec': 0.36044484903618534, 'total_time_sec': 138.7174768447876, 'tokens_generated': 50, 'model_name': 'C:/Users/JerryGanst/mistral_models/7B-Instruct-v0.3', 'precision': 'fp16', 'batch_size': 8, 'kv_cache_length': 2048, 'max_new_tokens': 50, 'use_fullkvcache': True, 'dataset': 'hotpotqa', 'repetition': 0}","{'total_devices': 1, 'device_0': {'peak_memory_mb': 13809.1279296875, 'average_memory_mb': 12100.378048082792, 'sample_count': 1229}, 'total_peak_memory_mb': 13809.1279296875}","{'peak_cpu_percent': 14.6, 'average_cpu_percent': 5.621897810218978, 'peak_memory_percent': 44.0, 'peak_memory_used_gb': 28.073810577392578, 'sample_count': 137}",138.77240705490112
fullkvcache_hotpotqa_kv128_bs1_rep1_20250617_165743,2025-06-17T16:59:05.630153,"{'success': True, 'ttft_ms': 1445.0280666351318, 'tpot_ms': 1313.456661847173, 'throughput_tokens_per_sec': 0.7598217717028309, 'total_time_sec': 65.80490565299988, 'tokens_generated': 50, 'model_name': 'C:/Users/JerryGanst/mistral_models/7B-Instruct-v0.3', 'precision': 'fp16', 'batch_size': 1, 'kv_cache_length': 128, 'max_new_tokens': 50, 'use_fullkvcache': True, 'dataset': 'hotpotqa', 'repetition': 1}","{'total_devices': 1, 'device_0': {'peak_memory_mb': 10366.75341796875, 'average_memory_mb': 9966.1203721974, 'sample_count': 584}, 'total_peak_memory_mb': 10366.75341796875}","{'peak_cpu_percent': 11.2, 'average_cpu_percent': 5.779999999999999, 'peak_memory_percent': 43.3, 'peak_memory_used_gb': 27.614856719970703, 'sample_count': 65}",65.84905982017517
fullkvcache_hotpotqa_kv128_bs4_rep1_20250617_165906,2025-06-17T17:00:33.118298,"{'success': True, 'ttft_ms': 4096.663951873779, 'tpot_ms': 1304.3445081126933, 'throughput_tokens_per_sec': 0.7351801517428755, 'total_time_sec': 68.01054120063782, 'tokens_generated': 50, 'model_name': 'C:/Users/JerryGanst/mistral_models/7B-Instruct-v0.3', 'precision': 'fp16', 'batch_size': 4, 'kv_cache_length': 128, 'max_new_tokens': 50, 'use_fullkvcache': True, 'dataset': 'hotpotqa', 'repetition': 1}","{'total_devices': 1, 'device_0': {'peak_memory_mb': 10435.15380859375, 'average_memory_mb': 10029.25162112614, 'sample_count': 603}, 'total_peak_memory_mb': 10435.15380859375}","{'peak_cpu_percent': 12.1, 'average_cpu_percent': 5.946268656716418, 'peak_memory_percent': 44.4, 'peak_memory_used_gb': 28.317562103271484, 'sample_count': 67}",68.02951169013977
fullkvcache_hotpotqa_kv128_bs8_rep1_20250617_170033,2025-06-17T17:01:59.416635,"{'success': True, 'ttft_ms': 3131.004810333252, 'tpot_ms': 1319.3947733665, 'throughput_tokens_per_sec': 0.7376660534949854, 'total_time_sec': 67.78134870529175, 'tokens_generated': 50, 'model_name': 'C:/Users/JerryGanst/mistral_models/7B-Instruct-v0.3', 'precision': 'fp16', 'batch_size': 8, 'kv_cache_length': 128, 'max_new_tokens': 50, 'use_fullkvcache': True, 'dataset': 'hotpotqa', 'repetition': 1}","{'total_devices': 1, 'device_0': {'peak_memory_mb': 10530.48876953125, 'average_memory_mb': 10093.78165297421, 'sample_count': 601}, 'total_peak_memory_mb': 10530.48876953125}","{'peak_cpu_percent': 86.5, 'average_cpu_percent': 6.902985074626867, 'peak_memory_percent': 43.6, 'peak_memory_used_gb': 27.816192626953125, 'sample_count': 67}",67.7893271446228
fullkvcache_hotpotqa_kv256_bs1_rep1_20250617_170200,2025-06-17T17:03:24.171711,"{'success': True, 'ttft_ms': 2813.128709793091, 'tpot_ms': 1309.6780387722715, 'throughput_tokens_per_sec': 0.7464095542239535, 'total_time_sec': 66.9873526096344, 'tokens_generated': 50, 'model_name': 'C:/Users/JerryGanst/mistral_models/7B-Instruct-v0.3', 'precision': 'fp16', 'batch_size': 1, 'kv_cache_length': 256, 'max_new_tokens': 50, 'use_fullkvcache': True, 'dataset': 'hotpotqa', 'repetition': 1}","{'total_devices': 1, 'device_0': {'peak_memory_mb': 10382.75830078125, 'average_memory_mb': 9973.148894596901, 'sample_count': 595}, 'total_peak_memory_mb': 10382.75830078125}","{'peak_cpu_percent': 14.5, 'average_cpu_percent': 5.987878787878788, 'peak_memory_percent': 44.2, 'peak_memory_used_gb': 28.242374420166016, 'sample_count': 66}",66.9943540096283
fullkvcache_hotpotqa_kv256_bs4_rep1_20250617_170324,2025-06-17T17:04:50.773007,"{'success': True, 'ttft_ms': 2850.123882293701, 'tpot_ms': 1306.7882790857432, 'throughput_tokens_per_sec': 0.7475657821257707, 'total_time_sec': 66.88374614715576, 'tokens_generated': 50, 'model_name': 'C:/Users/JerryGanst/mistral_models/7B-Instruct-v0.3', 'precision': 'fp16', 'batch_size': 4, 'kv_cache_length': 256, 'max_new_tokens': 50, 'use_fullkvcache': True, 'dataset': 'hotpotqa', 'repetition': 1}","{'total_devices': 1, 'device_0': {'peak_memory_mb': 10499.43896484375, 'average_memory_mb': 10086.909181331544, 'sample_count': 594}, 'total_peak_memory_mb': 10499.43896484375}","{'peak_cpu_percent': 14.3, 'average_cpu_percent': 5.943939393939394, 'peak_memory_percent': 44.0, 'peak_memory_used_gb': 28.100143432617188, 'sample_count': 66}",66.92939233779907
fullkvcache_hotpotqa_kv256_bs8_rep1_20250617_170451,2025-06-17T17:06:23.953059,"{'success': True, 'ttft_ms': 3603.0285358428955, 'tpot_ms': 1361.5074109057991, 'throughput_tokens_per_sec': 0.7110566206881118, 'total_time_sec': 70.3178882598877, 'tokens_generated': 50, 'model_name': 'C:/Users/JerryGanst/mistral_models/7B-Instruct-v0.3', 'precision': 'fp16', 'batch_size': 8, 'kv_cache_length': 256, 'max_new_tokens': 50, 'use_fullkvcache': True, 'dataset': 'hotpotqa', 'repetition': 1}","{'total_devices': 1, 'device_0': {'peak_memory_mb': 10658.13720703125, 'average_memory_mb': 10233.967200510384, 'sample_count': 623}, 'total_peak_memory_mb': 10658.13720703125}","{'peak_cpu_percent': 51.4, 'average_cpu_percent': 6.472857142857144, 'peak_memory_percent': 44.7, 'peak_memory_used_gb': 28.503158569335938, 'sample_count': 70}",70.35377216339111
fullkvcache_hotpotqa_kv512_bs1_rep1_20250617_170624,2025-06-17T17:07:53.328802,"{'success': True, 'ttft_ms': 4279.374361038208, 'tpot_ms': 1323.3263443927376, 'throughput_tokens_per_sec': 0.7233548769502318, 'total_time_sec': 69.12236523628235, 'tokens_generated': 50, 'model_name': 'C:/Users/JerryGanst/mistral_models/7B-Instruct-v0.3', 'precision': 'fp16', 'batch_size': 1, 'kv_cache_length': 512, 'max_new_tokens': 50, 'use_fullkvcache': True, 'dataset': 'hotpotqa', 'repetition': 1}","{'total_devices': 1, 'device_0': {'peak_memory_mb': 10432.52001953125, 'average_memory_mb': 10029.528035614312, 'sample_count': 614}, 'total_peak_memory_mb': 10432.52001953125}","{'peak_cpu_percent': 15.2, 'average_cpu_percent': 5.861764705882354, 'peak_memory_percent': 44.0, 'peak_memory_used_gb': 28.06153106689453, 'sample_count': 68}",69.14927554130554
fullkvcache_hotpotqa_kv512_bs4_rep1_20250617_170753,2025-06-17T17:09:23.451350,"{'success': True, 'ttft_ms': 2813.0240440368652, 'tpot_ms': 1317.6707832180723, 'throughput_tokens_per_sec': 0.7420611807709133, 'total_time_sec': 67.37988901138306, 'tokens_generated': 50, 'model_name': 'C:/Users/JerryGanst/mistral_models/7B-Instruct-v0.3', 'precision': 'fp16', 'batch_size': 4, 'kv_cache_length': 512, 'max_new_tokens': 50, 'use_fullkvcache': True, 'dataset': 'hotpotqa', 'repetition': 1}","{'total_devices': 1, 'device_0': {'peak_memory_mb': 10633.11865234375, 'average_memory_mb': 10222.168796456239, 'sample_count': 597}, 'total_peak_memory_mb': 10633.11865234375}","{'peak_cpu_percent': 12.0, 'average_cpu_percent': 5.741791044776119, 'peak_memory_percent': 43.9, 'peak_memory_used_gb': 28.02391815185547, 'sample_count': 67}",67.41088604927063
fullkvcache_hotpotqa_kv512_bs8_rep1_20250617_170924,2025-06-17T17:11:00.253701,"{'success': True, 'ttft_ms': 2569.0982341766357, 'tpot_ms': 1350.3947452623017, 'throughput_tokens_per_sec': 0.7273844867001733, 'total_time_sec': 68.7394368648529, 'tokens_generated': 50, 'model_name': 'C:/Users/JerryGanst/mistral_models/7B-Instruct-v0.3', 'precision': 'fp16', 'batch_size': 8, 'kv_cache_length': 512, 'max_new_tokens': 50, 'use_fullkvcache': True, 'dataset': 'hotpotqa', 'repetition': 1}","{'total_devices': 1, 'device_0': {'peak_memory_mb': 10909.52783203125, 'average_memory_mb': 10486.39916551211, 'sample_count': 609}, 'total_peak_memory_mb': 10909.52783203125}","{'peak_cpu_percent': 12.5, 'average_cpu_percent': 6.132352941176471, 'peak_memory_percent': 42.5, 'peak_memory_used_gb': 27.146312713623047, 'sample_count': 68}",68.75541949272156
fullkvcache_hotpotqa_kv1024_bs1_rep1_20250617_171100,2025-06-17T17:12:26.954144,"{'success': True, 'ttft_ms': 2188.504934310913, 'tpot_ms': 1321.7497212546211, 'throughput_tokens_per_sec': 0.7467675658247839, 'total_time_sec': 66.955237865448, 'tokens_generated': 50, 'model_name': 'C:/Users/JerryGanst/mistral_models/7B-Instruct-v0.3', 'precision': 'fp16', 'batch_size': 1, 'kv_cache_length': 1024, 'max_new_tokens': 50, 'use_fullkvcache': True, 'dataset': 'hotpotqa', 'repetition': 1}","{'total_devices': 1, 'device_0': {'peak_memory_mb': 10480.5341796875, 'average_memory_mb': 10077.826975229624, 'sample_count': 592}, 'total_peak_memory_mb': 10480.5341796875}","{'peak_cpu_percent': 44.0, 'average_cpu_percent': 6.490909090909091, 'peak_memory_percent': 44.5, 'peak_memory_used_gb': 28.398563385009766, 'sample_count': 66}",66.9747633934021
fullkvcache_hotpotqa_kv1024_bs4_rep1_20250617_171227,2025-06-17T17:14:26.675943,"{'success': True, 'ttft_ms': 10936.646461486816, 'tpot_ms': 1619.6856547375114, 'throughput_tokens_per_sec': 0.553696117196843, 'total_time_sec': 90.30224061012268, 'tokens_generated': 50, 'model_name': 'C:/Users/JerryGanst/mistral_models/7B-Instruct-v0.3', 'precision': 'fp16', 'batch_size': 4, 'kv_cache_length': 1024, 'max_new_tokens': 50, 'use_fullkvcache': True, 'dataset': 'hotpotqa', 'repetition': 1}","{'total_devices': 1, 'device_0': {'peak_memory_mb': 10888.6513671875, 'average_memory_mb': 10496.412302856445, 'sample_count': 800}, 'total_peak_memory_mb': 10888.6513671875}","{'peak_cpu_percent': 12.8, 'average_cpu_percent': 6.092134831460674, 'peak_memory_percent': 43.4, 'peak_memory_used_gb': 27.709678649902344, 'sample_count': 89}",90.31523537635803
fullkvcache_hotpotqa_kv1024_bs8_rep1_20250617_171427,2025-06-17T17:16:15.795214,"{'success': True, 'ttft_ms': 7943.169593811035, 'tpot_ms': 1423.3015021499323, 'throughput_tokens_per_sec': 0.6436171073230219, 'total_time_sec': 77.68594002723694, 'tokens_generated': 50, 'model_name': 'C:/Users/JerryGanst/mistral_models/7B-Instruct-v0.3', 'precision': 'fp16', 'batch_size': 8, 'kv_cache_length': 1024, 'max_new_tokens': 50, 'use_fullkvcache': True, 'dataset': 'hotpotqa', 'repetition': 1}","{'total_devices': 1, 'device_0': {'peak_memory_mb': 11804.8076171875, 'average_memory_mb': 11011.734905154206, 'sample_count': 688}, 'total_peak_memory_mb': 11804.8076171875}","{'peak_cpu_percent': 9.7, 'average_cpu_percent': 6.024675324675325, 'peak_memory_percent': 44.7, 'peak_memory_used_gb': 28.533267974853516, 'sample_count': 77}",77.72281885147095
fullkvcache_hotpotqa_kv2048_bs1_rep1_20250617_171616,2025-06-17T17:17:44.559753,"{'success': True, 'ttft_ms': 1979.9208641052246, 'tpot_ms': 1319.3441994336185, 'throughput_tokens_per_sec': 0.7504152094939244, 'total_time_sec': 66.62977957725525, 'tokens_generated': 50, 'model_name': 'C:/Users/JerryGanst/mistral_models/7B-Instruct-v0.3', 'precision': 'fp16', 'batch_size': 1, 'kv_cache_length': 2048, 'max_new_tokens': 50, 'use_fullkvcache': True, 'dataset': 'hotpotqa', 'repetition': 1}","{'total_devices': 1, 'device_0': {'peak_memory_mb': 10616.5810546875, 'average_memory_mb': 10205.592553669629, 'sample_count': 591}, 'total_peak_memory_mb': 10616.5810546875}","{'peak_cpu_percent': 11.9, 'average_cpu_percent': 6.25, 'peak_memory_percent': 43.4, 'peak_memory_used_gb': 27.683307647705078, 'sample_count': 66}",66.66776084899902
fullkvcache_hotpotqa_kv2048_bs4_rep1_20250617_171745,2025-06-17T17:19:30.496393,"{'success': True, 'ttft_ms': 7895.544528961182, 'tpot_ms': 1368.8130086782026, 'throughput_tokens_per_sec': 0.6669478669565274, 'total_time_sec': 74.96837830543518, 'tokens_generated': 50, 'model_name': 'C:/Users/JerryGanst/mistral_models/7B-Instruct-v0.3', 'precision': 'fp16', 'batch_size': 4, 'kv_cache_length': 2048, 'max_new_tokens': 50, 'use_fullkvcache': True, 'dataset': 'hotpotqa', 'repetition': 1}","{'total_devices': 1, 'device_0': {'peak_memory_mb': 11820.8154296875, 'average_memory_mb': 10995.577918673638, 'sample_count': 665}, 'total_peak_memory_mb': 11820.8154296875}","{'peak_cpu_percent': 13.1, 'average_cpu_percent': 5.652702702702703, 'peak_memory_percent': 42.5, 'peak_memory_used_gb': 27.132843017578125, 'sample_count': 74}",74.99531149864197
fullkvcache_hotpotqa_kv2048_bs8_rep1_20250617_171931,2025-06-17T17:22:40.426233,"{'success': True, 'ttft_ms': 40493.87335777283, 'tpot_ms': 2033.8074479784284, 'throughput_tokens_per_sec': 0.3567569610418538, 'total_time_sec': 140.15143489837646, 'tokens_generated': 50, 'model_name': 'C:/Users/JerryGanst/mistral_models/7B-Instruct-v0.3', 'precision': 'fp16', 'batch_size': 8, 'kv_cache_length': 2048, 'max_new_tokens': 50, 'use_fullkvcache': True, 'dataset': 'hotpotqa', 'repetition': 1}","{'total_devices': 1, 'device_0': {'peak_memory_mb': 13809.1279296875, 'average_memory_mb': 12120.37832872572, 'sample_count': 1242}, 'total_peak_memory_mb': 13809.1279296875}","{'peak_cpu_percent': 81.7, 'average_cpu_percent': 6.1869565217391305, 'peak_memory_percent': 44.3, 'peak_memory_used_gb': 28.287994384765625, 'sample_count': 138}",140.20344924926758
fullkvcache_hotpotqa_kv128_bs1_rep2_20250617_172241,2025-06-17T17:24:03.720715,"{'success': True, 'ttft_ms': 1810.3225231170654, 'tpot_ms': 1314.9983931560905, 'throughput_tokens_per_sec': 0.7547711675752674, 'total_time_sec': 66.2452437877655, 'tokens_generated': 50, 'model_name': 'C:/Users/JerryGanst/mistral_models/7B-Instruct-v0.3', 'precision': 'fp16', 'batch_size': 1, 'kv_cache_length': 128, 'max_new_tokens': 50, 'use_fullkvcache': True, 'dataset': 'hotpotqa', 'repetition': 2}","{'total_devices': 1, 'device_0': {'peak_memory_mb': 10366.75341796875, 'average_memory_mb': 9967.316130915939, 'sample_count': 587}, 'total_peak_memory_mb': 10366.75341796875}","{'peak_cpu_percent': 14.4, 'average_cpu_percent': 5.398484848484849, 'peak_memory_percent': 44.1, 'peak_memory_used_gb': 28.152381896972656, 'sample_count': 66}",66.2845208644867
fullkvcache_hotpotqa_kv128_bs4_rep2_20250617_172404,2025-06-17T17:25:32.326660,"{'success': True, 'ttft_ms': 3971.666097640991, 'tpot_ms': 1309.9979867740553, 'throughput_tokens_per_sec': 0.7335340715854208, 'total_time_sec': 68.16315960884094, 'tokens_generated': 50, 'model_name': 'C:/Users/JerryGanst/mistral_models/7B-Instruct-v0.3', 'precision': 'fp16', 'batch_size': 4, 'kv_cache_length': 128, 'max_new_tokens': 50, 'use_fullkvcache': True, 'dataset': 'hotpotqa', 'repetition': 2}","{'total_devices': 1, 'device_0': {'peak_memory_mb': 10435.15380859375, 'average_memory_mb': 10024.879248450414, 'sample_count': 605}, 'total_peak_memory_mb': 10435.15380859375}","{'peak_cpu_percent': 9.6, 'average_cpu_percent': 5.813235294117648, 'peak_memory_percent': 44.3, 'peak_memory_used_gb': 28.306930541992188, 'sample_count': 68}",68.31622767448425
fullkvcache_hotpotqa_kv128_bs8_rep2_20250617_172532,2025-06-17T17:27:00.463036,"{'success': True, 'ttft_ms': 3166.2826538085938, 'tpot_ms': 1323.6141010206572, 'throughput_tokens_per_sec': 0.7350414622363209, 'total_time_sec': 68.0233736038208, 'tokens_generated': 50, 'model_name': 'C:/Users/JerryGanst/mistral_models/7B-Instruct-v0.3', 'precision': 'fp16', 'batch_size': 8, 'kv_cache_length': 128, 'max_new_tokens': 50, 'use_fullkvcache': True, 'dataset': 'hotpotqa', 'repetition': 2}","{'total_devices': 1, 'device_0': {'peak_memory_mb': 10530.48876953125, 'average_memory_mb': 10094.344120057265, 'sample_count': 603}, 'total_peak_memory_mb': 10530.48876953125}","{'peak_cpu_percent': 10.1, 'average_cpu_percent': 5.786567164179104, 'peak_memory_percent': 43.7, 'peak_memory_used_gb': 27.90640640258789, 'sample_count': 67}",68.04732751846313
fullkvcache_hotpotqa_kv256_bs1_rep2_20250617_172701,2025-06-17T17:28:25.659142,"{'success': True, 'ttft_ms': 2952.800750732422, 'tpot_ms': 1312.002537201862, 'throughput_tokens_per_sec': 0.7435837433839583, 'total_time_sec': 67.24192190170288, 'tokens_generated': 50, 'model_name': 'C:/Users/JerryGanst/mistral_models/7B-Instruct-v0.3', 'precision': 'fp16', 'batch_size': 1, 'kv_cache_length': 256, 'max_new_tokens': 50, 'use_fullkvcache': True, 'dataset': 'hotpotqa', 'repetition': 2}","{'total_devices': 1, 'device_0': {'peak_memory_mb': 10382.75830078125, 'average_memory_mb': 9979.379534625366, 'sample_count': 596}, 'total_peak_memory_mb': 10382.75830078125}","{'peak_cpu_percent': 9.4, 'average_cpu_percent': 5.7567164179104475, 'peak_memory_percent': 44.6, 'peak_memory_used_gb': 28.471111297607422, 'sample_count': 67}",67.2908091545105
fullkvcache_hotpotqa_kv256_bs4_rep2_20250617_172826,2025-06-17T17:29:51.844094,"{'success': True, 'ttft_ms': 2880.8631896972656, 'tpot_ms': 1309.2015081522418, 'throughput_tokens_per_sec': 0.745915325653822, 'total_time_sec': 67.0317370891571, 'tokens_generated': 50, 'model_name': 'C:/Users/JerryGanst/mistral_models/7B-Instruct-v0.3', 'precision': 'fp16', 'batch_size': 4, 'kv_cache_length': 256, 'max_new_tokens': 50, 'use_fullkvcache': True, 'dataset': 'hotpotqa', 'repetition': 2}","{'total_devices': 1, 'device_0': {'peak_memory_mb': 10499.43896484375, 'average_memory_mb': 10083.038814666492, 'sample_count': 595}, 'total_peak_memory_mb': 10499.43896484375}","{'peak_cpu_percent': 10.8, 'average_cpu_percent': 5.7, 'peak_memory_percent': 44.3, 'peak_memory_used_gb': 28.288402557373047, 'sample_count': 66}",67.08119368553162
fullkvcache_hotpotqa_kv256_bs8_rep2_20250617_172952,2025-06-17T17:31:23.858795,"{'success': True, 'ttft_ms': 2620.868682861328, 'tpot_ms': 1324.5829076183086, 'throughput_tokens_per_sec': 0.7404508352147877, 'total_time_sec': 67.52642798423767, 'tokens_generated': 50, 'model_name': 'C:/Users/JerryGanst/mistral_models/7B-Instruct-v0.3', 'precision': 'fp16', 'batch_size': 8, 'kv_cache_length': 256, 'max_new_tokens': 50, 'use_fullkvcache': True, 'dataset': 'hotpotqa', 'repetition': 2}","{'total_devices': 1, 'device_0': {'peak_memory_mb': 10658.13720703125, 'average_memory_mb': 10229.638987053198, 'sample_count': 598}, 'total_peak_memory_mb': 10658.13720703125}","{'peak_cpu_percent': 95.3, 'average_cpu_percent': 7.168656716417911, 'peak_memory_percent': 42.7, 'peak_memory_used_gb': 27.258827209472656, 'sample_count': 67}",67.5423743724823
fullkvcache_hotpotqa_kv512_bs1_rep2_20250617_173124,2025-06-17T17:32:50.648283,"{'success': True, 'ttft_ms': 1752.3770332336426, 'tpot_ms': 1326.919988710053, 'throughput_tokens_per_sec': 0.7488117964366169, 'total_time_sec': 66.77245235443115, 'tokens_generated': 50, 'model_name': 'C:/Users/JerryGanst/mistral_models/7B-Instruct-v0.3', 'precision': 'fp16', 'batch_size': 1, 'kv_cache_length': 512, 'max_new_tokens': 50, 'use_fullkvcache': True, 'dataset': 'hotpotqa', 'repetition': 2}","{'total_devices': 1, 'device_0': {'peak_memory_mb': 10432.52001953125, 'average_memory_mb': 10034.30764440588, 'sample_count': 592}, 'total_peak_memory_mb': 10432.52001953125}","{'peak_cpu_percent': 13.3, 'average_cpu_percent': 5.931818181818182, 'peak_memory_percent': 43.7, 'peak_memory_used_gb': 27.86422348022461, 'sample_count': 66}",66.79558420181274
fullkvcache_hotpotqa_kv512_bs4_rep2_20250617_173251,2025-06-17T17:34:21.902672,"{'success': True, 'ttft_ms': 3512.5417709350586, 'tpot_ms': 1321.9070969795694, 'throughput_tokens_per_sec': 0.7322039358649947, 'total_time_sec': 68.2869861125946, 'tokens_generated': 50, 'model_name': 'C:/Users/JerryGanst/mistral_models/7B-Instruct-v0.3', 'precision': 'fp16', 'batch_size': 4, 'kv_cache_length': 512, 'max_new_tokens': 50, 'use_fullkvcache': True, 'dataset': 'hotpotqa', 'repetition': 2}","{'total_devices': 1, 'device_0': {'peak_memory_mb': 10633.11865234375, 'average_memory_mb': 10217.861397533574, 'sample_count': 605}, 'total_peak_memory_mb': 10633.11865234375}","{'peak_cpu_percent': 13.9, 'average_cpu_percent': 5.99264705882353, 'peak_memory_percent': 44.3, 'peak_memory_used_gb': 28.289649963378906, 'sample_count': 68}",68.31149649620056
fullkvcache_hotpotqa_kv512_bs8_rep2_20250617_173422,2025-06-17T17:35:57.400835,"{'success': True, 'ttft_ms': 2518.3730125427246, 'tpot_ms': 1335.885831287929, 'throughput_tokens_per_sec': 0.7355452983008364, 'total_time_sec': 67.97677874565125, 'tokens_generated': 50, 'model_name': 'C:/Users/JerryGanst/mistral_models/7B-Instruct-v0.3', 'precision': 'fp16', 'batch_size': 8, 'kv_cache_length': 512, 'max_new_tokens': 50, 'use_fullkvcache': True, 'dataset': 'hotpotqa', 'repetition': 2}","{'total_devices': 1, 'device_0': {'peak_memory_mb': 10909.52783203125, 'average_memory_mb': 10489.15492200456, 'sample_count': 603}, 'total_peak_memory_mb': 10909.52783203125}","{'peak_cpu_percent': 14.1, 'average_cpu_percent': 6.628358208955223, 'peak_memory_percent': 42.3, 'peak_memory_used_gb': 27.02975845336914, 'sample_count': 67}",68.00169610977173
fullkvcache_hotpotqa_kv1024_bs1_rep2_20250617_173558,2025-06-17T17:37:23.255283,"{'success': True, 'ttft_ms': 1933.9616298675537, 'tpot_ms': 1312.4277056479941, 'throughput_tokens_per_sec': 0.7547976538299024, 'total_time_sec': 66.24291920661926, 'tokens_generated': 50, 'model_name': 'C:/Users/JerryGanst/mistral_models/7B-Instruct-v0.3', 'precision': 'fp16', 'batch_size': 1, 'kv_cache_length': 1024, 'max_new_tokens': 50, 'use_fullkvcache': True, 'dataset': 'hotpotqa', 'repetition': 2}","{'total_devices': 1, 'device_0': {'peak_memory_mb': 10480.5341796875, 'average_memory_mb': 10074.644646041845, 'sample_count': 587}, 'total_peak_memory_mb': 10480.5341796875}","{'peak_cpu_percent': 11.4, 'average_cpu_percent': 5.606060606060606, 'peak_memory_percent': 44.1, 'peak_memory_used_gb': 28.15182113647461, 'sample_count': 66}",66.30076026916504
fullkvcache_hotpotqa_kv1024_bs4_rep2_20250617_173723,2025-06-17T17:39:01.827091,"{'success': True, 'ttft_ms': 2609.947681427002, 'tpot_ms': 1357.8496806475582, 'throughput_tokens_per_sec': 0.7231224563050099, 'total_time_sec': 69.14458203315735, 'tokens_generated': 50, 'model_name': 'C:/Users/JerryGanst/mistral_models/7B-Instruct-v0.3', 'precision': 'fp16', 'batch_size': 4, 'kv_cache_length': 1024, 'max_new_tokens': 50, 'use_fullkvcache': True, 'dataset': 'hotpotqa', 'repetition': 2}","{'total_devices': 1, 'device_0': {'peak_memory_mb': 10888.6513671875, 'average_memory_mb': 10475.759452297943, 'sample_count': 614}, 'total_peak_memory_mb': 10888.6513671875}","{'peak_cpu_percent': 9.3, 'average_cpu_percent': 5.749999999999999, 'peak_memory_percent': 42.9, 'peak_memory_used_gb': 27.384952545166016, 'sample_count': 68}",69.19035315513611
fullkvcache_hotpotqa_kv1024_bs8_rep2_20250617_173902,2025-06-17T17:40:48.422982,"{'success': True, 'ttft_ms': 7494.826555252075, 'tpot_ms': 1372.278826577323, 'throughput_tokens_per_sec': 0.6690083110234808, 'total_time_sec': 74.73748707771301, 'tokens_generated': 50, 'model_name': 'C:/Users/JerryGanst/mistral_models/7B-Instruct-v0.3', 'precision': 'fp16', 'batch_size': 8, 'kv_cache_length': 1024, 'max_new_tokens': 50, 'use_fullkvcache': True, 'dataset': 'hotpotqa', 'repetition': 2}","{'total_devices': 1, 'device_0': {'peak_memory_mb': 11804.8076171875, 'average_memory_mb': 11002.007565045249, 'sample_count': 663}, 'total_peak_memory_mb': 11804.8076171875}","{'peak_cpu_percent': 13.2, 'average_cpu_percent': 5.68108108108108, 'peak_memory_percent': 46.0, 'peak_memory_used_gb': 29.348834991455078, 'sample_count': 74}",74.79133558273315
fullkvcache_hotpotqa_kv2048_bs1_rep2_20250617_174049,2025-06-17T17:42:19.023298,"{'success': True, 'ttft_ms': 2330.970048904419, 'tpot_ms': 1332.5850428367148, 'throughput_tokens_per_sec': 0.7393427023133852, 'total_time_sec': 67.62763714790344, 'tokens_generated': 50, 'model_name': 'C:/Users/JerryGanst/mistral_models/7B-Instruct-v0.3', 'precision': 'fp16', 'batch_size': 1, 'kv_cache_length': 2048, 'max_new_tokens': 50, 'use_fullkvcache': True, 'dataset': 'hotpotqa', 'repetition': 2}","{'total_devices': 1, 'device_0': {'peak_memory_mb': 10616.5810546875, 'average_memory_mb': 10205.329842572237, 'sample_count': 597}, 'total_peak_memory_mb': 10616.5810546875}","{'peak_cpu_percent': 96.2, 'average_cpu_percent': 7.401492537313432, 'peak_memory_percent': 43.8, 'peak_memory_used_gb': 27.971763610839844, 'sample_count': 67}",67.67320704460144
fullkvcache_hotpotqa_kv2048_bs4_rep2_20250617_174219,2025-06-17T17:44:04.748375,"{'success': True, 'ttft_ms': 7797.636985778809, 'tpot_ms': 1366.2054052158278, 'throughput_tokens_per_sec': 0.6689616630132162, 'total_time_sec': 74.7426986694336, 'tokens_generated': 50, 'model_name': 'C:/Users/JerryGanst/mistral_models/7B-Instruct-v0.3', 'precision': 'fp16', 'batch_size': 4, 'kv_cache_length': 2048, 'max_new_tokens': 50, 'use_fullkvcache': True, 'dataset': 'hotpotqa', 'repetition': 2}","{'total_devices': 1, 'device_0': {'peak_memory_mb': 11820.8154296875, 'average_memory_mb': 10992.87009656627, 'sample_count': 663}, 'total_peak_memory_mb': 11820.8154296875}","{'peak_cpu_percent': 14.9, 'average_cpu_percent': 5.937837837837837, 'peak_memory_percent': 42.1, 'peak_memory_used_gb': 26.8712158203125, 'sample_count': 74}",74.7953691482544
fullkvcache_hotpotqa_kv2048_bs8_rep2_20250617_174405,2025-06-17T17:47:09.903938,"{'success': True, 'ttft_ms': 37993.5998916626, 'tpot_ms': 1987.5372331969593, 'throughput_tokens_per_sec': 0.36932007630349956, 'total_time_sec': 135.38392090797424, 'tokens_generated': 50, 'model_name': 'C:/Users/JerryGanst/mistral_models/7B-Instruct-v0.3', 'precision': 'fp16', 'batch_size': 8, 'kv_cache_length': 2048, 'max_new_tokens': 50, 'use_fullkvcache': True, 'dataset': 'hotpotqa', 'repetition': 2}","{'total_devices': 1, 'device_0': {'peak_memory_mb': 13809.1279296875, 'average_memory_mb': 12101.892746863261, 'sample_count': 1198}, 'total_peak_memory_mb': 13809.1279296875}","{'peak_cpu_percent': 100.0, 'average_cpu_percent': 6.694776119402986, 'peak_memory_percent': 44.4, 'peak_memory_used_gb': 28.340316772460938, 'sample_count': 134}",135.4028582572937
